,Naam,description,direction,heading,hectometer,main_road,secondary_road,type,lat,lng
0,BD 121,,,0.0,,,,0,52.391623,4.840175
1,BD 124,,,0.0,,,,0,52.387878,4.84458
2,BD 125,,,0.0,,,,0,52.38473,4.840807
3,D00,drip,Re,180.0,10.0,A10,,0,52.359735,4.96777
4,D01,drip,Li,45.0,12.0,A10,,0,52.342134,4.954613
5,D05,,Re,225.0,14.0,A10,,0,52.333556,4.931955
6,D06,,Li,135.0,17.0,A10,,0,52.333877,4.895508
7,D07,,Re,270.0,20.0,A10,,0,52.338797,4.85877
8,D08,,Li,180.0,23.0,A10,,0,52.355692,4.842393
9,D09,,Li,315.0,1.0,A10,,0,52.419885,4.906972
10,D10,,Li,315.0,6.0,A1,,0,52.341026,4.984265
11,D11,,Re,135.0,6.0,A1,,0,52.337983,4.988107
12,D12,,Li,270.0,9.0,A1,,0,52.332428,5.024365
13,D20,,,0.0,,,,0,52.316672,4.919081
14,D21,,Li,0.0,36.0,A2,,0,52.283955,4.950138
15,D22,,Li,0.0,38.0,A2,,0,52.271721,4.959247
16,D23,,Re,135.0,33.0,A2,,0,52.310611,4.925166
17,D_247439L,,,0.0,,,,0,52.51101,5.045037
18,D29,,Re,0.0,5.0,A5,,0,52.335787,4.734707
19,D38,,Li,135.0,41.0,A9,,0,52.370013,4.715409
20,D40,,,0.0,,,,0,52.338186,4.831249
21,D41,,Li,45.0,6.0,A4,,0,52.322566,4.763035
22,D42,,Re,225.0,2.0,A4,,0,52.336131,4.807522
23,D44,,Li,45.0,12.0,A4,,0,52.277417,4.711295
24,D80,,,0.0,,,,0,52.437464,4.861658
25,D80a,,Li,135.0,4.0,A8,,0,52.447273,4.84907
26,D90,,Li,45.0,7.0,A9,,0,52.314759,4.990882
27,D93,,Re,225.0,10.0,A9,,0,52.300702,4.949929
28,D95,,Li,135.0,35.0,A9,,0,52.339806,4.773534
29,D96,,Re,315.0,30.0,A9,,0,52.307186,4.829263
30,dBD1,SD147,,45.0,,,,0,52.373853,4.920447
31,dBD101,,Li,270.0,9.0,A1,,0,52.332105,5.030192
32,dBD102,,Li,0.0,33.0,A2,,0,52.312939,4.923045
33,dBD103,,Li,0.0,37.0,A2,,0,52.276126,4.956588
34,dBD104,,,135.0,2.0,A8,Mb,0,52.435742,4.863481
35,dBD106,,Re,225.0,12.0,A10,,0,52.3405,4.952413
36,dBD119,,Re,315.0,38.0,A9,A5,0,52.352826,4.747418
37,dBD121,,,90.0,,,,0,52.391701,4.841436
38,dBD123,,Li,180.0,28.0,A10,,0,52.395693,4.843606
39,dBD124,,Re,0.0,26.0,A10,,0,52.389692,4.844179
40,dBD128,,Li,180.0,30.0,N247,,0,52.415334,4.946049
41,dBD130,,,180.0,,,,0,52.380649,4.972963
42,dBD131,,Li,0.0,11.0,A10,,0,52.357962,4.967112
43,dBD134,,,45.0,,,,0,52.334739,4.93589
44,dBD136,,,135.0,,,,0,52.341451,4.770151
45,dBD138,,Li,90.0,19.0,A10,,0,52.338232,4.869165
46,dBD139,,,315.0,,,,0,52.346514,4.975615
47,dBD143,,Li,180.0,42.0,A9,,0,52.378296,4.708162
48,dBD15,SD194,,270.0,,,,0,52.390036,4.887725
49,dBD16,SD195,,0.0,,,,0,52.389439,4.884689
50,dBD160,,,45.0,,,,0,52.298563,4.944522
51,dBD162,,,45.0,,,,0,52.285784,4.943006
52,dBD165,,,45.0,,,,0,52.328488,4.909406
53,dBD17,SD196,,90.0,,,,0,52.392964,4.869931
54,dBD18,SD142,,135.0,,,,0,52.3739,4.93186
55,dBD19,SD141,,270.0,,,,0,52.372311,4.961908
56,dBD2,SD168,,180.0,,,,0,52.362377,4.90715
57,dBD20,SD140,,0.0,,,,0,52.369664,4.934167
58,dBD21,SD162,,0.0,,,,0,52.359411,4.888036
59,dBD22,SD173,,180.0,,,,0,52.36465,4.878489
60,dBD23,SD201,,225.0,,,,0,52.385683,4.912656
61,dBD24,SD901,,135.0,,,,0,52.392767,4.812114
62,dBD25,SD145,,270.0,,,,0,52.37595,4.92459
63,dBD26,SD183,,180.0,,,,0,52.373136,4.874861
64,dBD27,SD180,,0.0,,,,0,52.36994,4.874926
65,dBD28,SD163,,270.0,,,,0,52.357911,4.894924
66,dBD29,SD164,,135.0,,,,0,52.35875,4.888637
67,dBD3,SD167,,0.0,,,,0,52.356383,4.910951
68,dBD30,SD165 ,,225.0,,,,0,52.361214,4.913828
69,dBD31,SD166,,45.0,,,,0,52.358802,4.904516
70,dBD32,SD118,,0.0,,,,0,52.365462,4.905565
71,dBD35,SD171,,90.0,,,,0,52.36284,4.87617
72,dBD4,SD602,,135.0,,,,0,52.334806,4.893142
73,dBD6,SD606,,180.0,,,,0,52.336056,4.889903
74,dBD7,SD604,,0.0,,,,0,52.339303,4.892453
75,dBD8,SD603,,0.0,,,,0,52.337919,4.892264
76,PMR002_Gorslaan,,,0.0,,,,0,52.497635,4.955634
77,SD 115,,,0.0,,,,0,52.369415,4.906583
78,SD140_PanamalaanR_S100,,,0.0,,,,0,52.366054,4.933295
79,SD 145,,,0.0,,,,0,52.376197,4.922966
80,SD 146,,,0.0,,,,0,52.376305,4.920467
81,SD190,SD190,,135.0,,,,0,52.382227,4.895119
82,SD195_S100,,,0.0,,,,0,52.390019,4.888478
83,SD197,,,90.0,,,,0,52.385472,4.878585
84,SD301,,,0.0,,,,0,52.309822,4.930598
85,SD302,,,0.0,,,,0,52.31106,4.934676
86,SD303,,,0.0,,,,0,52.312197,4.936231
87,SD304,,,180.0,,,,0,52.317946,4.929203
88,SD310,,,0.0,,,,0,52.326568,4.954091
89,SD311,,,0.0,,,,0,52.310609,4.969073
90,Vialis dripserver dBD5,SD601,,,,,,0,52.335864,4.894267
91,A10 S101 Li,,,0.0,,,,2,52.402048,4.849754
92,A10 S101 Re,,,0.0,,,,2,52.404938,4.854837
93,A10 S102 Re,,,0.0,,,,2,52.393334,4.844671
94,A10 S103 Li,,,0.0,,,,2,52.382514,4.844335
95,A10 S104 Li,,,0.0,,,,2,52.376513,4.84314
96,A10 S104 Re,,,0.0,,,,2,52.379908,4.845113
97,A10 S105 Li,,,0.0,,,,2,52.368654,4.841854
98,A10 S105 Re,,,0.0,,,,2,52.374239,4.842865
99,A10 S106 Li,,,0.0,,,,2,52.355217,4.842282
100,A10 S106 Re,,,0.0,,,,2,52.360225,4.842726
101,A10 S107 Li,,,0.0,,,,2,52.343021,4.840758
102,A10 S107 Re,,,0.0,,,,2,52.347551,4.841505
103,IV702002,,,,,A9,N232,2,52.34097664575559,4.756565093994141
104,IV702003,,Li,,,A9,A200,2,52.38167694209654,4.707448482513428
105,IV702004,,Re,,,A9,N205,2,52.37452500182007,4.710216522216797
106,IV702008,,Re,,,A10,s101,2,52.40101805298199,4.850785732269287
107,IV702009,,Li,,,A10,s101,2,52.40038963285266,4.847674369812012
108,IV702010,,Re,,,A10,s102,2,52.39191817976337,4.845056533813477
109,IV702011,,Li,,,A10,s102,2,52.390346788659514,4.843640327453613
110,IV702012,,Re,,,A10,s118,2,52.42391000717409,4.884452819824219
111,IV702013,,Li,,,A10,s118,2,52.42477362186237,4.879946708679199
112,IV702014,,Re,,,A8,N516,2,52.434481580353655,4.865655899047852
113,IV702015,,Li,,,A8,N516,2,52.430818450984894,4.867715835571289
114,IV702104,,Li,,,A10,S103,2,52.38247874,4.84433992
115,IV702106,,Re,,,A10,S104,2,52.37976218,4.8451053
116,IV702108,,Li,,,A10,S105,2,52.37009003,4.8417544
117,IV702109,,Re,,,A10,S105,2,52.37274627,4.84273911
118,IV702110,,Li,,,A10,S106,2,52.35665768,4.842048
119,IV702111,,Re,,,A10,S106,2,52.35930667,4.84292226
120,IV702112,,Li,,,A10,S107,2,52.34421377,4.84048489
121,IV702113,,Re,,,A10,S107,2,52.34691269,4.8415076
122,IV702114,,Li,,,A10,S108,2,52.33783435,4.86193179
123,IV702115,,Re,,,A10,S108,2,52.339381,4.86177317
124,IV702116,,Li,,,A10,S109,2,52.33416691,4.89411227
125,IV702117,,Re,,,A10,S109,2,52.33834783,4.88982893
126,IV702118,,Li,,,A10,S110,2,52.32837628,4.91201662
127,IV702120,,Li,,,A10,S111,2,52.33236268,4.92975202
128,IV702121,,Re,,,A10,S111,2,52.3332817,4.92830448
129,IV702122,,Li,,,A10,S112,2,52.3364972,4.94107192
130,IV702123,,Re,,,A10,S112,2,52.33668644,4.93881685
131,IV702124,,Li,,,A10,S113,2,52.3418575,4.95427695
132,IV702125,,Re,,,A10,S113,2,52.34132539,4.95285819
133,IV702126,,Li,,,A10,S114,2,52.36641806,4.97199429
134,IV702127,,Re,,,A10,S114,2,52.36569742,4.96991618
135,IV702128,,Li,,,A10,S115,2,52.3915142,4.96606087
136,IV702129,,Re,,,A10,S115,2,52.38810897,4.96801885
137,IV702130,,Li,,,A10,S116,2,52.40759599,4.93932075
138,IV702131,,Re,,,A10,S116,2,52.40594667,4.94292313
139,IV702132,,Li,,,A10,S117,2,52.42017266,4.90909705
140,IV702133,,Re,,,A10,S117,2,52.41853789,4.91105634
141,IV702136,,Re,,,A9,Aalsmeer,2,52.316716861682536,4.812226295471191
142,IV702137,,Li,,,A9,Aalsmeer,2,52.31595606957017,4.809994697570801
143,IV702140,,Re,,,A9,Amstelveen,2,52.29690577036857,4.883079528808594
144,IV702141,,Li,,,A9,Amstelveen,2,52.29551472498411,4.878530502319336
145,IV702144,,Re,,,A5,s102,2,52.39312198,4.79934352
146,IV702610,,Re,,22.0,A1,,2,52.28152607,5.18225229
147,IV702611,,Li,,22.0,A1,,2,52.27957257,5.18451448
148,IV702612,,Re,,24.0,A1,,2,52.26694927032412,5.20228385925293
149,IV702613,,Li,,25.0,A1,,2,52.26865636340996,5.203700065612793
150,IV702614,,Re,,26.0,A1,,2,52.24882376803033,5.212583541870117
151,IV702615,,Li,,26.0,A1,,2,52.25037391945126,5.21425724029541
152,IV702701,,Li,,,A7,Purmerend,2,52.50377152,4.93018274
153,IV702703,,Li,,,A7,Purmerend,2,52.51338293,4.93411664
154,IV702705,,Li,,,A7,Purmerend,2,52.5328259,4.94781294
155,S102 Li,,,0.0,,,,2,52.388905,4.844132
156,101,,,,,Nassauplein,Haarlemmerweg-Nassaukade,5,52.38503,4.88148
157,102,,,,,Haarlemmerplein,-,5,52.38464,4.88322
158,103,,,,,Haarlemmer Houttuinen,Buiten Oranjestraat-,5,52.38301,4.8883
159,104,,,,,Prins Hendrikkade,"Westertoegang-Droogbak , Singel",5,52.37967,4.8947
160,105,,,,,ODE Brug,Oostelijke onderdoorgang-Oosterdoksstraat,5,52.37719,4.90395
161,106,,,,,Prins Hendrikkade,Odebrug-Geldersekade,5,52.37622,4.90288
162,107,,,,,Prins Hendrikkade,Kamperbrug-,5,52.37693,4.90203
163,108,,,,,Prins Hendrikkade,Damrak-,5,52.37729,4.89851
164,109,,,,,Prins Hendrikkade,Martelaarsgracht-,5,52.37835,4.89728
165,113,,,,,Nieuwezijds Voorburgwal,Raadhuisstraat-Mozes en Aaronstraat,5,52.37317,4.89054
166,114,,,,,Nieuwezijds Voorburgwal,Paleisstraat-,5,52.37255,4.89062
167,116,,,,,"Ruyterkade, De",Tolhuispont-,5,52.38011,4.90035
168,117,,,,,"Ruyterkade, De",Westertoegang-,5,52.38154,4.89636
169,118,,,,,Westerdoksdijk,Leliendaalstraat-,5,52.38654,4.893
170,119,,,,,Barentszplein,"Westerdoksdijk-Diemenstraat, Van",5,52.3895,4.8913
171,121,,,,,Raadhuisstraat,Singel-,5,52.37323,4.88967
172,122,,,,,Raadhuisstraat,Herengracht-,5,52.37342,4.88692
173,123,,,,,Westermarkt,Keizersgracht-Raadhuisstraat,5,52.37398,4.88531
174,124,,,,,Rozengracht,Prinsengracht-Westermarkt,5,52.37392,4.88279
175,125,,,,,Rozengracht,"Rozendwarsstraat, 1e-",5,52.37331,4.88037
176,126,,,,,Rozengracht,Marnixstraat-,5,52.3722,4.87585
177,127,,,,,Nassaukade,"Clercqstraat, De-",5,52.3718,4.87413
178,128,,,,,Bilderdijkstraat,"Clercqstraat, De-",5,52.37096,4.87046
179,130,,,,,Nassaukade,"Hugo De Grootstraat, 2e-",5,52.37413,4.87506
180,131,,,,,Hugo De Grootplein,-,5,52.37465,4.87274
181,132,,,,,Nassaukade,Frederik Hendrikplants.-,5,52.37861,4.87771
182,141,,,,,Marnixstraat,Nieuwe Willemsstraat-Marnixkade,5,52.38105,4.88078
183,144,,,,,Houtmankade,Tasmanstraat-,5,52.39068,4.88497
184,152,,,,,Damrak - Oudebrugsteeg,VOP-,5,52.37529,4.89564
185,153,,,,,Dam,Damrak-Rokin,5,52.37268,4.89296
186,157,,,,,Bilderdijkstraat,Kinkerstraat-,5,52.36724,4.87216
187,158,,,,,Nassaukade,Kinkerstraat-,5,52.36835,4.87625
188,196003,,,0.0,,,,5,52.288631,4.723756
189,196020,,,0.0,,,,5,52.277,4.745504
190,196330,,,0.0,,,,5,52.274033,4.750707
191,196332,,,0.0,,,,5,52.271946,4.752005
192,196336,,,0.0,,,,5,52.269234,4.754452
193,196342,,,0.0,,,,5,52.26366,4.759687
194,196345,,,0.0,,,,5,52.261967,4.761329
195,196350,,,0.0,,,,5,52.259098,4.766318
196,196370,,,0.0,,,,5,52.251068,4.792485
197,196376,,,0.0,,,,5,52.248817,4.801133
198,196389,,,0.0,,,,5,52.241238,4.81596
199,196401,,,0.0,,,,5,52.233582,4.828706
200,196403,,,0.0,,,,5,52.232506,4.82965
201,197038,,,0.0,,,,5,52.476254,4.649041
202,197041,,,0.0,,,,5,52.478069,4.644309
203,200058,,,0.0,,,,5,52.394539,4.595182
204,200240,,,0.0,,,,5,52.403362,4.54834
205,201,,,,,Johan Van Hasseltweg,Nieuwe Leeuwarderweg-,5,52.3896,4.91912
206,201212,,,0.0,,,,5,52.337982,4.637003
207,201225,,,0.0,,,,5,52.329727,4.647989
208,201231,,,0.0,,,,5,52.325989,4.654405
209,201234,,,0.0,,,,5,52.32391,4.658643
210,201239,,,0.0,,,,5,52.321438,4.663128
211,201245,,,0.0,,,,5,52.31778,4.670252
212,201249,,,0.0,,,,5,52.315773,4.67582
213,201291,,,0.0,,,,5,52.297215,4.709369
214,201297,,,0.0,,,,5,52.29335,4.715152
215,201302,,,0.0,,,,5,52.290436,4.720216
216,201308,,,0.0,,,,5,52.286182,4.714476
217,201311,,,0.0,,,,5,52.284389,4.717201
218,201314,,,0.0,,,,5,52.281857,4.721782
219,201343,,,0.0,,,,5,52.285332,4.755394
220,201358,,,0.0,,,,5,52.284534,4.772603
221,201389,,,0.0,,,,5,52.261513,4.795575
222,201430,,,0.0,,,,5,52.246117,4.847737
223,201735,,,0.0,,,,5,52.225353,5.085672
224,201763,,,0.0,,,,5,52.219524,5.124049
225,202005,,,0.0,,,,5,52.458038,4.655035
226,202006,,,0.0,,,,5,52.458294,4.656961
227,203,,,,,Johan Van Hasseltweg,Mosplein-Kamperfoelieweg,5,52.39195,4.9126
228,203498,,,0.0,,,,5,52.493233,4.776478
229,203500,,,0.0,,,,5,52.493725,4.774053
230,203506,,,0.0,,,,5,52.494186,4.765524
231,203508,,,0.0,,,,5,52.494972,4.761329
232,203514,,,0.0,,,,5,52.495907,4.753143
233,203525,,,0.0,,,,5,52.50148,4.741212
234,203547,,,0.0,,,,5,52.514679,4.716611
235,203550,,,0.0,,,,5,52.517056,4.713306
236,203559,,,0.0,,,,5,52.521675,4.703768
237,203605,,,0.0,,,,5,52.561131,4.689896
238,205,,,,,Kamperfoelieweg,Ribesstraat-,5,52.39401,4.91414
239,205136,,,0.0,,,,5,52.367908,4.706247
240,205167,,,0.0,,,,5,52.344578,4.687246
241,205191,,,0.0,,,,5,52.330013,4.662763
242,205195,,,0.0,,,,5,52.32777,4.663412
243,205229,,,0.0,,,,5,52.306171,4.623528
244,205250,,,0.0,,,,5,52.290092,4.613351
245,206,,,,,Kamperfoelieweg,Floraweg-,5,52.39999,4.91083
246,207,,,,,Klaprozenweg,Floraweg-Ridderspoorweg,5,52.3986,4.90692
247,207507,,,0.0,,,,5,52.231136,4.669093
248,207518,,,0.0,,,,5,52.237431,4.658064
249,207523,,,0.0,,,,5,52.239929,4.653311
250,207547,,,0.0,,,,5,52.251884,4.624794
251,207565,,,0.0,,,,5,52.259903,4.603229
252,207581,,,0.0,,,,5,52.269196,4.585891
253,208,,,,,Cornelis Douwesweg,Stenendokweg-Klaprozenweg,5,52.40687,4.89251
254,208478,,,0.0,,,,5,52.363487,4.610996
255,208490,,,0.0,,,,5,52.372269,4.610015
256,208499,,,0.0,,,,5,52.380268,4.614075
257,208507,,,0.0,,,,5,52.387058,4.615299
258,208522,,,0.0,,,,5,52.397495,4.626403
259,208526,,,0.0,,,,5,52.401234,4.62952
260,208533,,,0.0,,,,5,52.406693,4.634203
261,208543,,,0.0,,,,5,52.414867,4.640093
262,2101,Peperstraat/S. Claeszstraat,,0.0,,,,5,52.441429,4.828148
263,2102,Peperstraat/Oostzijde,,0.0,,,,5,52.440884,4.826624
264,2103,Sv. Lohmanstraat/K. Katerstraat,,0.0,,,,5,52.440231,4.82796
265,2104,Wilhelminastraat/Zuiddijk,,0.0,,,,5,52.439331,4.826919
266,2105,Hoofdtocht/Kleine Tocht,,0.0,,,,5,52.42976,4.81081
267,2106,Cornelis Bruijnzeelweg-Kanaalweg,,0.0,,,,5,52.427364,4.813793
268,2107,Hoofdtocht/Houtveldweg,,0.0,,,,5,52.430702,4.813664
269,2108,Aris van Broekweg/Houtveldweg,,0.0,,,,5,52.434849,4.81478
270,2109,Wibautstraat/Troelstralaan,,0.0,,,,5,52.431263,4.841452
271,2110,Wibautstraat/Thorbeckeweg,,0.0,,,,5,52.429798,4.842396
272,2111,J. Eydenbergstraat/Wibautstraat,,0.0,,,,5,52.434441,4.838705
273,2112,W. van Hallstraat/Kepplerstraat,,0.0,,,,5,52.43898,4.83583
274,2114,Peperstraat/Gerhardstraat,,0.0,,,,5,52.442513,4.830766
275,2115,Molenmakerstraat/Gerhardstraat,,0.0,,,,5,52.444855,4.828561
276,2116,Kopermolenstraat/Heijermansstraat,,0.0,,,,5,52.449497,4.827408
277,2117,Heijermansstraat/Hof van Zaenden,,0.0,,,,5,52.456154,4.818814
278,2118,Albert Heijnweg/Prov.weg,,0.0,,,,5,52.434574,4.817848
279,2119,Houveldweg/Blokschaaf,,0.0,,,,5,52.437531,4.812827
280,2120,V. van Goghweg-Prov. weg,,0.0,,,,5,52.449371,4.8083
281,2121,V. van Goghweg/Westzijde,,0.0,,,,5,52.45108,4.818213
282,2123,Jan van Goyenkade/Vincent van Goghweg,,0.0,,,,5,52.4498405,4.81125
283,2125,Rembrandtstraat/V. van Goghweg,,0.0,,,,5,52.450333,4.814705
284,2126,Poelenburg/Lobeliusstraat,,0.0,,,,5,52.435791,4.854219
285,2127,Stationstraat/Prov.weg,,0.0,,,,5,52.43948,4.814458
286,2128,Dr. Scholtenstraat/Dovenetelweg,,0.0,,,,5,52.461594,4.817977
287,2131,Pr. Bernhardplein,,0.0,,,,5,52.45359,4.822526
288,2132,Kon. Julianaweg/Heyermansstraa,,0.0,,,,5,52.452572,4.82435
289,2133,Kon. Julianaweg/Kon. Julianaplein,,0.0,,,,5,52.454296,4.826045
290,2134,Hogendijk/Prov.weg,,0.0,,,,5,52.435581,4.816797
291,2135,Oud Zaenden/Prov.weg,,0.0,,,,5,52.432259,4.822032
292,2136,Dorctir J.M. den Uylweg-Prov.weg,,0.0,,,,5,52.426476,4.827461
293,2139,Houtveldweg/Vurenhout,,0.0,,,,5,52.441395,4.808267
294,2140-1,Mauritsstraat/Prov.weg,,0.0,,,,5,52.441864,4.812838
295,2140-2,Mauritsstraat/Prov.weg,,0.0,,,,5,52.442482,4.812484
296,2141,Prov.weg/inrit Qparkparkeergarage,,0.0,,,,5,52.437378,4.815863
297,215,,,,,Klaprozenweg,Ataturk-,5,52.40284,4.89737
298,216,,,,,Coentunnelcircuit,Molenaarsweg-,5,52.41925,4.87735
299,218,,,,,Industrieterr. Bombraak,Verl Stellingweg-,5,52.42562,4.87752
300,220,,,,,Stellingweg,A10 Binnenring-,5,52.42522,4.88241
301,2201,Leliestraat/Prov. weg,,0.0,,,,5,52.45763,4.806132
302,2202,Zuideinde/Lelistraat,,0.0,,,,5,52.457787,4.811196
303,2204,Verzetstraat/Prov. weg,,0.0,,,,5,52.463684,4.805843
304,221,,,,,Molenaarsweg,Stellingweg-,5,52.42098,4.8836
305,222,,,,,Molenaarsweg,VOP-,5,52.41994,4.87994
306,223,,,0.0,,Nieuwe Leeuwarderweg,A10 Buitenring-,5,52.40889,4.94094
307,224,,,0.0,,Nieuwe Leeuwarderweg,A10 Binnenring-,5,52.40664,4.93854
308,225,,,,,Nieuwe Leeuwarderweg Oz,invoeger IJdoornlaan-,5,52.40493,4.93643
309,227,,,,,Nieuwe Purmerweg,Waddenweg-,5,52.39612,4.92961
310,228,,,,,Waddenweg,Vop-,5,52.39304,4.92757
311,2301,Fortuinweg/Paukenhof,,0.0,,,,5,52.473423,4.795795
312,2302,Fortuinweg/Guisweg,,0.0,,,,5,52.469463,4.797367
313,2303,Guisweg/Prov.weg,,0.0,,,,5,52.470757,4.805435
314,2304,Guisweg/Wezelstraat,,0.0,,,,5,52.470287,4.803064
315,2305,Lagedijk/Guisweg,,0.0,,,,5,52.471664,4.811422
316,231,,,,,IJdoornlaan,op/afrit S117-,5,52.41738,4.91175
317,231187,,,0.0,,,,5,52.240974,4.772967
318,231192,,,0.0,,,,5,52.244644,4.768174
319,231197,,,0.0,,,,5,52.24881,4.769096
320,231207,,,0.0,,,,5,52.254196,4.779246
321,231208,,,0.0,,,,5,52.255199,4.780555
322,231213,,,0.0,,,,5,52.257801,4.786638
323,231248,,,0.0,,,,5,52.282692,4.816475
324,231255,,,0.0,,,,5,52.287857,4.821786
325,231258,,,0.0,,,,5,52.289833,4.824339
326,231261,,,0.0,,,,5,52.292496,4.821882
327,231267,,,0.0,,,,5,52.297222,4.817076
328,232,,,,,IJdoornlaan,op/afrit S117 buitenring-,5,52.42038,4.91175
329,232253,,,0.0,,,,5,52.358513,4.728777
330,232273,,,0.0,,,,5,52.346378,4.751287
331,232275,,,0.0,,,,5,52.3449881,4.7540116
332,232283,,,0.0,,,,5,52.340569,4.762369
333,232294,,,0.0,,,,5,52.334251,4.773881
334,232298,,,0.0,,,,5,52.331879,4.778473
335,232312,,,0.0,,,,5,52.32328,4.794084
336,232316,,,0.0,,,,5,52.321438,4.797528
337,232326,,,0.0,,,,5,52.31551,4.8086
338,232400,,,0.0,,,,5,52.311993,4.814501
339,232404,,,0.0,,,,5,52.308361,4.812248
340,232408,,,0.0,,,,5,52.306183,4.809254
341,232417,,,0.0,,,,5,52.301907,4.797868
342,232429,,,0.0,,,,5,52.292732,4.790704
343,232432,,,0.0,,,,5,52.289696,4.786509
344,232440,,,0.0,,,,5,52.286999,4.781885
345,232444,,,0.0,,,,5,52.283714,4.776371
346,232460,,,0.0,,,,5,52.28302,4.757853
347,235005,,,0.0,,,,5,52.426029,4.951165
348,235019,,,0.0,,,,5,52.438381,4.951138
349,235020,,,0.0,,,,5,52.43906,4.951031
350,235031,,,0.0,,,,5,52.449654,4.949023
351,235048,,,0.0,,,,5,52.463776,4.949545
352,235072,,,0.0,,,,5,52.485073,4.949158
353,235075,,,0.0,,,,5,52.487759,4.949673
354,236025,,,0.0,,,,5,52.315426,4.995539
355,236032,,,0.0,,,,5,52.310294,5.0016841
356,236045,,,0.0,,,,5,52.303967,5.013714
357,236053,,,0.0,,,,5,52.302765,5.026116
358,236060,,,0.0,,,,5,52.302315,5.0367
359,236085,,,0.0,,,,5,52.292709,5.068222
360,236146,,,0.0,,,,5,52.259495,5.126114
361,236170,,,0.0,,,,5,52.260155,5.162126
362,237,,,,,IJdoornlaan,Statenjachtstraat-,5,52.40643,4.92115
363,238,,,,,IJdoornlaan,Nieuwe Leeuwarderweg Wz-Elzenhagensingel,5,52.40268,4.93146
364,239,,,,,IJdoornlaan,Nieuwe Leeuwarderweg Oz-,5,52.4018,4.934
365,239230,,,0.0,,,,5,52.752041,5.040225
366,240,,,,,IJdoornlaan,Waddenweg-H. Cleyndertweg,5,52.40106,4.93582
367,2401,Plein 13,,0.0,,,,5,52.484882,4.806175
368,2402,Wandelweg/Javastraat,,0.0,,,,5,52.486328,4.802967
369,2403,Wandelweg/Franklinstraat,,0.0,,,,5,52.488594,4.796251
370,240302,,,0.0,,,,5,52.709549,5.146767
371,2404,Wandelweg/Stationstraat,,0.0,,,,5,52.489628,4.793301
372,2405,Zaanbrug/Zaanweg,,0.0,,,,5,52.490692,4.798547
373,2406,Westerstraat/Kerkstraat,,0.0,,,,5,52.496082,4.783816
374,2407,Noorderstraat/Kerkstraat,,0.0,,,,5,52.495258,4.787679
375,2408,Joh. Vermeerkade/Wandelweg,,0.0,,,,5,52.482529,4.807355
376,241???,,,0.0,,,,5,52.720749,4.857577
377,241018,,,0.0,,,,5,52.787956,4.813004
378,241157,,,0.0,,,,5,52.707817,4.934615
379,241164,,,0.0,,,,5,52.707539,4.945285
380,241170,,,0.0,,,,5,52.705761,4.953251
381,241178,,,0.0,,,,5,52.703514,4.960949
382,242,,,,,IJdoornlaan,Th. Weeversweg-,5,52.39918,4.94544
383,242319,,,0.0,,,,5,52.616859,4.759998
384,242452,,,0.0,,,,5,52.656975,4.801122
385,242471,,,0.0,,,,5,52.669903,4.81802
386,242483,,,0.0,,,,5,52.6771952,4.8277617
387,242492,,,0.0,,,,5,52.685291,4.826367
388,242501,,,0.0,,,,5,52.69397,4.826581
389,242519,,,0.0,,,,5,52.70948,4.821265
390,242582,,,0.0,,,,5,52.71674,4.842417
391,243,,,,,IJdoornlaan,Beemsterstraat-,5,52.39736,4.95158
392,243000,,,0.0,,,,5,52.623775,4.776864
393,243001,,,0.0,,,,5,52.623085,4.78004
394,243006,,,0.0,,,,5,52.619968,4.782776
395,243072,,,0.0,,,,5,52.600109,4.876444
396,243096,,,0.0,,,,5,52.593636,4.910975
397,243148,,,0.0,,,,5,52.615192,4.955531
398,243158,,,0.0,,,,5,52.621384,4.967478
399,243185,,,0.0,,,,5,52.628193,5.004669
400,243187,,,0.0,,,,5,52.628662,5.007834
401,244,,,,,IJdoornlaan,Dijkmanshuizenstraat-Duinluststraat,5,52.39591,4.95455
402,244085,,,0.0,,,,5,52.557724,4.782143
403,244130,,,0.0,,,,5,52.551933,4.844778
404,244201,,,0.0,,,,5,52.531719,4.944617
405,244205,,,0.0,,,,5,52.530346,4.94981
406,244216,,,0.0,,,,5,52.526836,4.965616
407,244222,,,0.0,,,,5,52.521534,4.986302
408,244243,,,0.0,,,,5,52.516712,5.001225
409,245027,,,0.0,,,,5,52.646248,4.741158
410,245033,,,0.0,,,,5,52.647224,4.748894
411,245039,,,0.0,,,,5,52.64827,4.757713
412,245200,,,0.0,,,,5,52.64938,4.764225
413,245208,,,0.0,,,,5,52.656223,4.768796
414,245218,,,0.0,,,,5,52.665119,4.773935
415,245232,,,0.0,,,,5,52.676876,4.77842
416,245257,,,0.0,,,,5,52.698597,4.772573
417,245280,,,0.0,,,,5,52.719269,4.773989
418,245293,,,0.0,,,,5,52.730537,4.779224
419,245318,,,0.0,,,,5,52.752678,4.786617
420,245351,,,0.0,,,,5,52.781208,4.794556
421,245355,,,0.0,,,,5,52.784325,4.792464
422,245361,,,0.0,,,,5,52.78986,4.790157
423,245365,,,0.0,,,,5,52.79324,4.788333
424,246,,,,,Zuiderzeeweg,A10 Binnenring-,5,52.38841,4.96682
425,246256,,,0.0,,,,5,52.472546,4.769338
426,246313,,,0.0,,,,5,52.476402,4.77047
427,246337,,,0.0,,,,5,52.497349,4.7771
428,246345,,,0.0,,,,5,52.504311,4.778109
429,246354,,,0.0,,,,5,52.511761,4.781531
430,247310,,,0.0,,,,5,52.420666,4.949684
431,247312,,,0.0,,,,5,52.421783,4.953289
432,247342,,,0.0,,,,5,52.431629,4.993232
433,247349,,,0.0,,,,5,52.435108,5.001453
434,247381,,,0.0,,,,5,52.45649,5.030258
435,247390,,,0.0,,,,5,52.464222,5.03169
436,247394,,,0.0,,,,5,52.46793,5.03279
437,247411,,,0.0,,,,5,52.48254,5.030151
438,247418,,,0.0,,,,5,52.488426,5.031052
439,247436,,,0.0,,,,5,52.503273,5.040147
440,247443,,,0.0,,,,5,52.509853,5.043808
441,247579,,,0.0,,,,5,52.6248771,5.0076305
442,248021,,,0.0,,,,5,52.805122,4.76635
443,2501,Heiligeweg/Weverstraat,,0.0,,,,5,52.500786,4.765985
444,250118,,,0.0,,,,5,52.957596,4.767423
445,250119,,,0.0,,,,5,52.964417,4.768343
446,250120,,,0.0,,,,5,52.964478,4.776212
447,2502,Jupiterstraat/Rosariumlaan,,0.0,,,,5,52.498825,4.755578
448,2601,Dorpsstraat/Communicatieweg,,0.0,,,,5,52.475529,4.747102
449,271,,,,,Busbaan Twiske,Lange Vonder-,5,52.42192,4.89665
450,272,,,,,Busbaan Twiske,Pieter A.v.Heijningestr.-Luyendijkje,5,52.42204,4.90178
451,300,,,,,Burg. Stramanweg Zz,Rijstrooksignalering-,5,52.31364,4.9401
452,301,,,,,Burg. Stramanweg Nz,Rijstrooksignalering-,5,52.31376,4.94
453,302,,,,,Johannes Blookerweg,"A10 Binnenring-Marwijk Kooystraat, Van",5,52.33464,4.929
454,302308,,,0.0,,,,5,52.670956,5.041609
455,302315,,,0.0,,,,5,52.671932,5.052123
456,302320,,,0.0,,,,5,52.672363,5.059805
457,302340,,,0.0,,,,5,52.678104,5.084642
458,302342,,,0.0,,,,5,52.679844,5.088923
459,302370,,,0.0,,,,5,52.692337,5.12435
460,302390,,,0.0,,,,5,52.69912,5.152416
461,302409,,,0.0,,,,5,52.700054,5.178916
462,302417,,,0.0,,,,5,52.701916,5.189624
463,302430,,,0.0,,,,5,52.703583,5.208131
464,302437,,,0.0,,,,5,52.703133,5.218538
465,302445,,,0.0,,,,5,52.70298,5.230565
466,302458,,,0.0,,,,5,52.703747,5.250006
467,302475,,,0.0,,,,5,52.707558,5.274103
468,302483,,,0.0,,,,5,52.701263,5.273802
469,302489,,,0.0,,,,5,52.695881,5.274081
470,302491,,,0.0,,,,5,52.695522,5.276431
471,303,,,,,"Marwijk Kooystraat, Van",Spaklerweg-.Duivendrecht,5,52.33279,4.92342
472,304,,,,,Spaklerweg,"Madeweg, Van Der-.Duivendrecht",5,52.32795,4.92781
473,305,,,,,Spaklerweg,Stationsweg-Holterbergweg,5,52.32439,4.92988
474,306,,,,,Daalwijkdreef,Gooiseweg Wz-,5,52.32337,4.9557
475,307,,,,,Holterbergweg,.Parkeerterrein P2-,5,52.31705,4.93234
476,308,,,,,Holterbergweg,Burg. Stramanweg Zz-,5,52.31187,4.93676
477,309,,,,,Holterbergweg,Burg. Stramanweg Nz-,5,52.31346,4.93535
478,310,,,,,Dolingadreef,Burg. Stramanweg-,5,52.31716,4.95043
479,311,,,,,Bijlmerdreef,Dolingadreef-,5,52.31529,4.95216
480,312,,,,,Bijlmerdreef,Flierbosdreef-,5,52.31628,4.95506
481,313,,,,,Burg. Stramanweg,Boris Pasternakstraat-,5,52.31548,4.94538
482,315,,,,,Daalwijkdreef,Dolingadreef-,5,52.320561,4.947559
483,316,,,,,Bijlmerdreef,Kelbergenpad-,5,52.31977,4.96527
484,317,,,,,Daalwijkdreef,Gooiseweg OZ-,5,52.32436,4.95856
485,318,,,,,Daalwijkdreef,Bergwijkdreef-,5,52.32544,4.96172
486,319,,,,,Foppingadreef,Hoogoorddreef-,5,52.31185,4.95052
487,320,,,,,Hoogoorddreef,Flierbosdreef-,5,52.31408,4.95707
488,321,,,,,Karspeldreef,Huntumdreef-Flierbosdreef,5,52.30986,4.96095
489,323,,,,,Gooiseweg OZ,Karspeldreef-,5,52.312,4.96722
490,324,,,,,Holterbergweg,"Entree, De-",5,52.31049,4.93808
491,325,,,,,Hoogoorddreef,Holterbergweg-,5,52.30825,4.94009
492,326,,,,,Hoogoorddreef,Hondsrugweg-,5,52.3095,4.94365
493,328,,,,,Hoogoorddreef,Busstation Bijlmer-,5,52.31076,4.94742
494,329,,,,,Laarderhoogtweg,Muntbergweg-Holterbergweg,5,52.30204,4.94494
495,330,,,,,Muntbergweg,Gaasperdammerweg Nz-,5,52.30068,4.94615
496,331,,,,,Muntbergweg,Gaasperdammerweg Zz-,5,52.29861,4.94806
497,332,,,,,Muntbergweg,Meibergdreef-,5,52.29512,4.95127
498,333,,,,,Meibergdreef,Tafelbergweg-,5,52.29373,4.94793
499,334,,,,,Holendrechtdreef,Meerkerkdreef-,5,52.30039,4.96665
500,335,,,,,Karspeldreef,Foppingadreef-,5,52.3076,4.9544
501,336,,,,,Groesbeekdreef,Karspeldreef-,5,52.31446,4.97436
502,337,,,,,Karspeldreef,Kromwijkdreef-,5,52.31653,4.98038
503,339,,,,,sGravendijkdreef,Kraaiennest-,5,52.3188,4.98429
504,340,,,,,'s Gravendijkdreef,Geerdinkhofweg-,5,52.32322,4.98054
505,342,,,,,Gooiseweg,Gaasperdammerweg-,5,52.30838,4.97115
506,344,,,,,Kromwijkdreef,Loosdrechtdreef-,5,52.31151,4.98494
507,345,,,,,Loosdrechtdreef,A9 Buitenring-,5,52.31273,4.98922
508,346,,,,,Gooiseweg,Langbroekdreef-,5,52.30666,4.97345
509,349,,,,,Meibergdreef,busstation-,5,52.2982,4.95998
510,357,,,,,Hondsrugweg,Karspeldreef-,5,52.30494,4.94663
511,362,,,,,Holterbergweg,Hessenbergweg-,5,52.30384,4.9435
512,392,,,,,Burg. Stramanweg,A2 Oostzijde-Ouder-Amstel,5,52.30945,4.92993
513,393,,,,,Burg. Stramanweg,A2 Westzijde-Ouder-Amstel,5,52.30745,4.9257
514,401,,,,,Prins Hendrikkade,IJTunnel-,5,52.37172,4.9107
515,402,,,,,IJtunnel,Ingang Zuidzijde-,5,52.37366,4.9124
516,403,,,,,Valkenburgerstraat,Anne Frankstraat-,5,52.37016,4.9085
517,404,,,,,"Visserplein, Mr.",-,5,52.36845,4.90402
518,406,,,,,Weesperstraat,Nieuwe Keizersgracht-Nieuwe Kerkstraat,5,52.36542,4.90542
519,409,,,,,Weesperplein,-,5,52.36116,4.90798
520,410,,,,,Rhijnspoorplein,"Boerhaavestraat, 1e-Wibautstraat",5,52.36018,4.90857
521,411,,,,,Wibautstraat,Ruyschstraat-,5,52.35753,4.91019
522,412,,,,,Wibautstraat,"Oosterparkstraat, 1e-",5,52.35639,4.91088
523,413,,,,,Wibautstraat,Platanenweg-,5,52.35353,4.91253
524,414,,,,,Wibautstraat,President Steynplantsoen-,5,52.35064,4.91545
525,415,,,,,Prins Bernhardplein,.Deel-2-,5,52.34775,4.91871
526,415008,,,0.0,,,,5,52.209175,5.208668
527,416,,,,,Prins Bernhardplein,.Deel-2-,5,52.34775,4.91871
528,417,,,,,Wibautstraat,Ringdijk-,5,52.34983,4.91683
529,419,,,,,Alexanderplein,Sarphatistraat-,5,52.3636,4.91893
530,420,,,,,Mauritskade,Brug 265 (Kit)-,5,52.36301,4.9203
531,422,,,,,Linnaeusstraat,Wijttenbachstraat-Oosterpark,5,52.36002,4.92529
532,424,,,,,Middenweg,Kamerlingh Onneslaan-,5,52.35373,4.93057
533,425,,,,,Middenweg,Hugo De Vrieslaan-Weth. Frankeweg,5,52.35086,4.93514
534,426,,,,,Middenweg,Kruislaan-,5,52.34776,4.94017
535,429,,,,,Plantage Middenlaan,Plantage Kerklaan-,5,52.36641,4.91178
536,432,,,,,Mauritskade,"Gravesandestraat, 'S--",5,52.36151,4.91524
537,433,,,,,Beukenweg,"Oosterparkstraat, 1e-",5,52.35803,4.91743
538,434,,,,,Oosterpark,Eikenweg-,5,52.35899,4.9212
539,435,,,,,Kamerlingh Onneslaan,Nobelweg-,5,52.35008,4.92499
540,436,,,,,Hugo De Vrieslaan,Maxwellstraat-Nobelweg,5,52.34756,4.92929
541,437,,,,,Middenweg,Wembleylaan-Veeteeltstraat,5,52.34342,4.94708
542,439,,,,,Middenweg,Christiaan Huygensplein-,5,52.34914,4.93792
543,440,,,,,Prins Hendrikkade,Schippersgracht-,5,52.37115,4.91245
544,442,,,,,Kattenburgerplein,Kattenburgerstraat-Kattenburgergracht,5,52.37116,4.9151
545,443,,,,,Czaar Peterstraat,Oostenburgergracht-Cruquiuskade,5,52.36701,4.92508
546,444,,,,,Panamalaan,Cruquiusweg-,5,52.36844,4.93376
547,445,,,,,Wittenburgergracht,Grote Wittenburgerstraat-Kleine Wittenburgerstr.,5,52.36963,4.91923
548,446,,,,,Mauritskade,Pontanusstraat-Zeeburgerstraat,5,52.36587,4.92683
549,447,,,,,Panamalaan,Borneolaan-,5,52.37109,4.93417
550,448,,,,,Zeeburgerdijk,Panamalaan-,5,52.36623,4.93381
551,449,,,,,Molukkenstraat,Zeeburgerdijk-,5,52.36613,4.93948
552,450,,,,,Insulindeweg,Zeeburgerdijk-Zuiderzeeweg,5,52.36525,4.94847
553,451,,,,,Van Eesterenlaan,Fred Petterbaan-,5,52.37351,4.93845
554,452,,,,,Insulindeweg,Molukkenstraat-,5,52.36163,4.93973
555,454,,,,,Zeeburgerdijk,Borneostraat-,5,52.36607,4.9325
556,455,,,,,Galileiplantsoen,Radioweg-,5,52.35338,4.93943
557,456,,,,,Molukkenstraat,Caroline McGillavrylaan-,5,52.35803,4.94108
558,457,,,,,Kruislaan,Carolina MacGillavrylaan-,5,52.354,4.951
559,458,,,,,A10,weg naar Sciencepark-,5,52.3421,4.95175
560,459,,,,,"Ruyterkade, De",Oostertoegang-,5,52.37823,4.90506
561,460,,,,,Piet Heinkade,Vop IPTA-,5,52.37734,4.91302
562,461,,,,,Piet Heinkade,IPTA-,5,52.37701,4.91629
563,462,,,,,Piet Heinkade,Tramoversteek-,5,52.37672,4.91843
564,463,,,,,Piet Heinkade,Spoorviaduct-Jan Schaeferbrug,5,52.37627,4.9217
565,464,,,,,Piet Heinkade,Oostelijke Handelskade-,5,52.37504,4.92898
566,466,,,,,Panamalaan,Piet Heintunnel-Piet Heinkade,5,52.37239,4.93375
567,467,,,,,IJburglaan,Zuiderzeeweg-,5,52.37206,4.96238
568,468,,,,,IJburglaan,Schokkerjachtdijk-,5,52.36075,4.98496
569,469,,,,,IJburglaan,A10 Binnenring-,5,52.36826,4.97083
570,470,,,,,IJburglaan,A10 Buitenring-,5,52.36631,4.97443
571,471,,,,,IJburglaan,Haringbuisdijk-Jan Olphert Vaillantlaan,5,52.36303,4.98068
572,472,,,,,IJburglaan,Cas Oorthuyskade-,5,52.35941,4.98732
573,473,,,,,IJburglaan,Vennepluimstraat-Daguerrestraat,5,52.35758,4.99079
574,474,,,,,IJburglaan,Diemerparklaan-,5,52.35521,4.99521
575,475,,,,,IJburglaan,Lumierestraat-Ruisrietstraat,5,52.35289,4.99964
576,478,,,,,Middenweg,A10 Binnenring-,5,52.34116,4.95084
577,479,,,,,Middenweg,A10 Buitenring-,5,52.3402,4.95264
578,480,,,,,Gooiseweg,A10 Buitenring-,5,52.33651,4.94285
579,481,,,,,Gooiseweg,A10 Binnenring-,5,52.33836,4.93979
580,484,,,,,Weteringweg,Op/afrit A1 zuidzijde-,5,52.3373,4.98851
581,485,,,,,Weteringweg,Op/afrit A1 noordzijde-Diemerpolderweg,5,52.33802,4.9895
582,487,,,,,Fortdiemerdamweg,Diemerpolderweg-,5,52.3348,5.005
583,501006,,,0.0,,,,5,53.008045,4.777422
584,501069,,,0.0,,,,5,53.05558,4.786181
585,502,,,,,Nassaukade,Bosboom Toussaintstraat-,5,52.36608,4.87782
586,503001,,,0.0,,,,5,52.813042,4.738036
587,504077,,,0.0,,,,5,52.70763,4.715592
588,504151,,,0.0,,,,5,52.704845,4.801412
589,504157,,,0.0,,,,5,52.706776,4.810038
590,506262,,,0.0,,,,5,52.650249,5.119865
591,506317,,,0.0,,,,5,52.673447,5.18854
592,506327,,,0.0,,,,5,52.67572,5.203292
593,506341,,,0.0,,,,5,52.684204,5.215073
594,507021,,,0.0,,,,5,52.636662,4.956449
595,507038,,,0.0,,,,5,52.64703,4.939953
596,507053,,,0.0,,,,5,52.657242,4.926167
597,507077,,,0.0,,,,5,52.670284,4.900047
598,508013,,,0.0,,,,5,52.641548,4.7774
599,508021,,,0.0,,,,5,52.640251,4.790211
600,508096,,,0.0,,,,5,52.639938,4.794159
601,512046,,,0.0,,,,5,52.623287,4.661443
602,512057,,,0.0,,,,5,52.616116,4.650757
603,514004,,,0.0,,,,5,52.502899,4.783773
604,515050,,,0.0,,,,5,52.465561,4.770985
605,515108,,,0.0,,,,5,52.473145,4.841897
606,516026,,,0.0,,,,5,52.431702,4.86322
607,516028,,,0.0,,,,5,52.432003,4.865999
608,516030,,,0.0,,,,5,52.432243,4.869518
609,520031,,,0.0,,,,5,52.325897,4.722206
610,522,,,,,Frederiksplein,Utrechtsestraat-,5,52.36107,4.89937
611,522097,,,0.0,,,,5,52.296196,4.879013
612,522101,,,0.0,,,,5,52.299454,4.881063
613,522103,,,0.0,,,,5,52.300816,4.881964
614,522113,,,0.0,,,,5,52.297443,4.895235
615,522116,,,0.0,,,,5,52.298416,4.898701
616,522117,,,0.0,,,,5,52.298893,4.900095
617,522125,,,0.0,,,,5,52.299805,4.911645
618,522138,,,0.0,,,,5,52.307442,4.925823
619,522142,,,0.0,,,,5,52.309517,4.929707
620,524,,,,,Frederiksplein,Westeinde-Weteringschans,5,52.35951,4.8987
621,525001,,,0.0,,,,5,52.250744,5.213442
622,525003,,,0.0,,,,5,52.249256,5.211554
623,525004,,,0.0,,,,5,52.248348,5.210271
624,526,,,,,Stadhouderskade,"Woustraat, Van-Westeinde",5,52.35782,4.89926
625,527,,,,,Stadhouderskade,Hemonystraat-Oosteinde,5,52.35832,4.90177
626,527002,,,0.0,,,,5,52.268223,5.204043
627,528,,,,,Stadhouderskade,Amsteldijk-,5,52.35869,4.9038
628,529,,,,,Amsteldijk,Ceintuurbaan-,5,52.35599,4.90505
629,531,,,,,Ceintuurbaan,"Woustraat, Van-",5,52.35481,4.90124
630,533,,,,,Ceintuurbaan,"Helststraat, 2e Van Der-",5,52.35324,4.89454
631,534,,,,,Ceintuurbaan,Ferdinand Bolstraat-,5,52.35278,4.89113
632,535,,,,,Roelof Hartstraat,Hobbemakade-,5,52.35224,4.8861
633,536,,,,,Roelof Hartplein,"Coenenstraat, J.M.-Roelof Hartstraat",5,52.35285,4.88241
634,538,,,,,"Baerlestraat, Van",Frans van Mierisstraat-,5,52.35465,4.88103
635,541,,,,,Stadhouderskade,Ferdinand Bolstraat-,5,52.35807,4.89085
636,542,,,,,Weteringcircuit,-,5,52.35962,4.89095
637,543,,,,,Vijzelstraat,Prinsengracht-,5,52.36232,4.8918
638,544,,,,,Vijzelstraat,Kerkstraat-,5,52.36291,4.89202
639,546,,,,,Vijzelstraat,Herengracht-,5,52.36502,4.89276
640,548,,,,,Muntplein,-,5,52.36715,4.89351
641,551,,,,,Hobbemakade,Ruysdaelstraat-,5,52.3546,4.8864
642,554,,,,,"Lairessestraat, De",Valeriusplein-,5,52.35172,4.86457
643,555,,,,,"Lairessestraat, De",Emmastraat-,5,52.35306,4.86989
644,556,,,,,"Lairessestraat, De",Cornelis Schuytstraat-,5,52.35374,4.87227
645,557,,,,,"Lairessestraat, De",Jacob Obrechtstraat-,5,52.35479,4.87622
646,558,,,,,"Baerlestraat, Van",Concertgebouwplein-,5,52.35611,4.88
647,559,,,,,"Baerlestraat, Van",Paulus Potterstraat-Willemsparkweg,5,52.35814,4.87856
648,560,,,,,"Baerlestraat, Van",Pieter Corn. Hooftstraat-,5,52.35944,4.87761
649,562,,,,,Willemsparkweg,Cornelis Schuytstraat-,5,52.356,4.87068
650,563,,,,,Koninginneweg,Emmalaan-,5,52.35325,4.86349
651,564,,,,,Amstelveenseweg,Zeilstraat-Koninginneweg,5,52.3515,4.85659
652,565,,,,,Amstelveenseweg,Oranje Nassaulaan-,5,52.35485,4.85544
653,568,,,,,Haarlemmermeerstraat,Theophiel De Bockstraat-,5,52.35486,4.85034
654,569,,,,,Haarlemmermeerstraat,Cornelis Lelylaan-,5,52.35804,4.85032
655,571,,,,,Overtoom,Amstelveenseweg-,5,52.35769,4.8554
656,572,,,,,Overtoom,Rhijnvis Feithstraat-Reyer Anslostraat,5,52.35896,4.86009
657,573,,,,,Overtoom,Jan Pieter Heijestraat-,5,52.36029,4.86555
658,575,,,,,Overtoom,"Const. Huygensstraat, 2e-",5,52.36232,4.87365
659,576,,,,,Overtoom,"Const. Huygensstraat, 1e-",5,52.36274,4.87528
660,577,,,,,Overtoom,Nassaukade-,5,52.3637,4.87881
661,578,,,,,Stadhouderskade,Leidseplein-Vondelstraat,5,52.36291,4.88009
662,580,,,,,Surinameplein,-,5,52.3588,4.8533
663,583,,,,,Stadhouderskade,Hobbemastraat-,5,52.36166,4.88232
664,586,,,,,Hobbemakade,Hobbemastraat-,5,52.35874,4.88637
665,589,,,,,Stadhouderskade,Rijksmuseum-,5,52.36055,4.886
666,590,,,,,Stadhouderskade,Hobbemakade-,5,52.36013,4.8868
667,591,,,,,Hobbemakade,Honthorststraat-,5,52.35761,4.88629
668,597,,,,,Hoofdweg,Corantijnstraat-,5,52.36183,4.85326
669,598,,,,,Zeilstraat,Baarsstraat-,5,52.35083,4.85412
670,615,,,,,Europaboulevard,Rijstrooksignalering-,5,52.33831,4.89199
671,635,,,,,Europaplein,President Kennedylaan-,5,52.34085,4.89228
672,638,,,,,Europaboulevard,Nieuwe Herlaer-,5,52.32639,4.89006
673,639,,,,,Europaboulevard,Rai Parkeerterrein-,5,52.33895,4.89207
674,640,,,,,Europaplein,Rooseveltlaan-,5,52.34193,4.89252
675,641,,,,,Rooseveltlaan,Maasstraat-,5,52.34299,4.89659
676,642,,,,,Europaboulevard,A10 Binnenring-,5,52.33754,4.89184
677,643,,,,,Europaboulevard,"A10 Buitenring-Boelelaan, De",5,52.3339,4.88998
678,645,,,,,"Boshuizenstraat, Van",Backershagen-,5,52.32473,4.87565
679,647,,,,,Rijnstraat,Vop-,5,52.34356,4.90625
680,648,,,,,"Woustraat, Van",Lutmastraat-,5,52.35167,4.90321
681,649,,,,,Amsteldijk,President Kennedylaan-,5,52.34323,4.9131
682,650,,,,,President Kennedylaan,M.L.Kingpark-,5,52.34157,4.91169
683,651,,,,,President Kennedylaan,Rijnstraat-,5,52.34033,4.9076
684,652,,,,,President Kennedylaan,Waalstraat-,5,52.34038,4.90174
685,653,,,,,President Kennedylaan,Maasstraat-,5,52.34061,4.89745
686,654,,,,,Scheldeplein,"Wielingenstraat, Van-Scheldestraat",5,52.3441527777778,4.89090555555556
687,655,,,,,Stadionweg,Diepenbrockstraat-,5,52.34717,4.88001
688,656,,,,,Beethovenstraat,Stadionweg-,5,52.34687,4.8769
689,659,,,,,Olympiaplein,Parnassusweg-,5,52.34645,4.86711
690,660,,,,,Stadionweg,Achillesstraat-,5,52.346,4.86384
691,661,,,,,"Treublaan, Mr",Weesperzijde-,5,52.34746,4.91367
692,662,,,,,Vrijheidslaan,Amsteldijk-,5,52.34718,4.91169
693,663,,,,,Vrijheidslaan,Kromme Mijdrechtstraat-,5,52.34671,4.9083
694,664,,,,,Rijnstraat,Vrijheidslaan-,5,52.34628,4.90523
695,667,,,,,Churchilllaan,Maasstraat-,5,52.34693,4.89511
696,668,,,,,Churchilllaan,Scheldestraat-,5,52.34714,4.89111
697,670,,,,,Hobbemakade,"Hillegaertstraat, Van-Stadionweg",5,52.34984,4.88587
698,671,,,,,Apollolaan,Stadionweg-,5,52.3487,4.88308
699,672,,,,,Apollolaan,Beethovenstraat-,5,52.35053,4.87873
700,673,,,,,Apollolaan,Breitnerstraat-Rubensstraat,5,52.3508,4.87346
701,674,,,,,Apollolaan,Michelangelostraat-Willem Witsenstraat,5,52.35067,4.87077
702,675,,,,,Amstelveenseweg,Argonautenstraat-,5,52.34391,4.85689
703,676,,,,,Beethovenstraat,Strawinskylaan-,5,52.34094,4.87696
704,677,,,,,Marathonweg,Olympiaweg-,5,52.34803,4.86189
705,678,,,,,Amstelveenseweg,Kalfjeslaan-,5,52.32163,4.8575
706,679,,,,,Amstelveenseweg,Stadionplein-,5,52.34495,4.85663
707,680,,,,,Amstelveenseweg,Fred. Roeskestraat-,5,52.34111,4.85769
708,681,,,,,Amstelveenseweg,"Nijenrodeweg, Van-",5,52.3278,4.85747
709,682,,,,,Buitenveldertselaan,Arent Jansz. Ernststraat-Gijsbrecht v.IJselst.str,5,52.33207,4.86884
710,683,,,,,De Boelelaan,VOP VU-,5,52.33517,4.85922
711,684,,,,,Buitenveldertselaan,"Boshuizenstraat, Van-",5,52.32461,4.86901
712,685,,,,,Buitenveldertselaan,"Cuserstraat, De-",5,52.3236,4.86906
713,686,,,,,"Boelelaan, De","Leijenberghlaan, Van-",5,52.33508,4.87862
714,687,,,,,"Boelelaan, De",Buitenveldertselaan-,5,52.33503,4.86882
715,688,,,,,"Boelelaan, De",Amstelveenseweg-,5,52.33517,4.85752
716,689,,,,,Amstelveenseweg,A10 Buitenring-,5,52.33707,4.8576
717,690,,,,,Arent Jansz. Ernststraat,"Leijenberghlaan, Van-",5,52.33209,4.87946
718,691,,,,,Beethovenstraat,Gustav Mahlerlaan-,5,52.33673,4.87727
719,692,,,,,Europaboulevard,Arent Jansz. Ernststraat-,5,52.3321,4.88996
720,693,,,,,Boelelaan,Tramoversteek-,5,52.335049,4.865849
721,694,,,,,"Leijenberghlaan, Van","Nijenrodeweg, Van-",5,52.32797,4.87946
722,695,,,,,"Boelelaan, De","Boechorststraat, Van Der-",5,52.33517,4.85991
723,696,,,,,Parnassusweg,Strawinskylaan-,5,52.34061,4.86842
724,697,,,,,Buitenveldertselaan,"Nijenrodeweg, Van-",5,52.32783,4.86886
725,698,,,,,Buitenveldertselaan,Gustav Mahlerlaan-,5,52.33715,4.86877
726,699,,,,,Amstelveenseweg,A10 Binnenring-,5,52.33909,4.8576
727,701096,,,0.0,,,,5,52.242599,4.82222
728,701110,,,0.0,,,,5,52.233917,4.836119
729,701329,,,0.0,,,,5,52.3246,4.80374
730,701332,,,0.0,,,,5,52.323898,4.801369
731,703519,,,0.0,,,,5,52.292721,4.724078
732,703543,,,0.0,,,,5,52.30312,4.751093
733,705004,,,0.0,,,,5,52.260792,4.607955
734,705009,,,0.0,,,,5,52.264694,4.613571
735,705012,,,0.0,,,,5,52.266842,4.616656
736,705016,,,0.0,,,,5,52.269051,4.619762
737,705018,,,0.0,,,,5,52.27092,4.622465
738,705023,,,0.0,,,,5,52.272892,4.625276
739,705027,,,0.0,,,,5,52.275974,4.629707
740,705055,,,0.0,,,,5,52.295513,4.657618
741,705057,,,0.0,,,,5,52.296833,4.659694
742,705059,,,0.0,,,,5,52.29829,4.661626
743,705061,,,0.0,,,,5,52.298729,4.662216
744,789,,,,,Fietspad schinkeleiland,busbaan afrit A10-,5,52.33678,4.85393
745,806,,,,,Prins Hendrikkade,Oosterdokskade-Binnenkant,5,52.37496,4.90391
746,850,,,,,Louwesweg,Doorsteek Ziekenhuis-,5,52.34664,4.82389
747,851,,,,,Antwerpenbaan,Laan Van Vlaanderen (oos-,5,52.34638,4.81607
748,857,,,,,Anderlechtlaan,Laan Van Vlaanderen-,5,52.34499,4.81141
749,858,,,,,Antwerpenbaan,Tramoversteek (west)-,5,52.34546,4.80629
750,859,,,,,Plesmanlaan,Laan Van Vlaanderen-,5,52.34936,4.80419
751,860,,,,,Akersingel,Pilatus-,5,52.35291,4.77685
752,861,,,,,De Alpen,Ookmeerweg-,5,52.35444,4.77115
753,862,,,,,Tram de Aker,Noorderakerweg-G.van Lierstraat,5,52.35099,4.78162
754,863,,,,,Pieter Calandlaan,Ecuplein-,5,52.34945,4.78716
755,864,,,,,Pieter Calandlaan,Pond Sterlingstraat-,5,52.35068,4.79316
756,865,,,,,Pieter Calandlaan,Baden Powellweg-,5,52.35086,4.79402
757,866,,,,,Pieter Calandlaan,Koos Vorrinkweg-,5,52.35206,4.80008
758,867,,,,,Pieter Calandlaan,De la Sallestraat-,5,52.35315,4.80544
759,868,,,,,Burg. Roellstraat,Burg. van Leeuwenlaan-,5,52.37642,4.81244
760,869,,,,,Burg. Roellstraat,Dr. H. Colijnstraat-,5,52.37695,4.80645
761,883,,,,,Dortmuiden,Westrandweg noordzijde-,5,52.39264,4.77849
762,889,,,,,Noordzeeweg,Westpoortweg-,5,52.39415,4.8027
763,891,,,,,Westpoortweg,Australiehavenweg-,5,52.39772,4.79436
764,893,,,,,Westpoortweg,Dortmuiden-,5,52.39771,4.77844
765,894,,,,,Westpoortweg,Heining-,5,52.39884,4.77127
766,895,,,,,Westpoortweg,Kopraweg-Casablancaweg,5,52.4029,4.75954
767,896,,,,,Westpoortweg,Ruigoordweg-,5,52.40629,4.75778
768,897,,,,,Oude Haagseweg,busbaan-,5,52.332,4.80711
769,900,,,,,Ruys de Beerenbrouckstr,Kruisherenpad-,5,52.38239,4.80173
770,900749,,,0.0,,,,5,52.614845,4.740826
771,900756,,,0.0,,,,5,52.618843,4.73132
772,900769,,,0.0,,,,5,52.625637,4.715989
773,900780,,,0.0,,,,5,52.633698,4.71653
774,900790,,,0.0,,,,5,52.640415,4.725784
775,900798,,,0.0,,,,5,52.647423,4.732259
776,901,,,,,Haarlemmerweg,Australiehavenweg-,5,52.38435,4.80313
777,902,,,,,Haarlemmerweg,Burg. De Vlugtlaan-Seineweg,5,52.38447,4.81876
778,903,,,,,Haarlemmerweg,Admiraal De Ruyterweg-,5,52.38496,4.84747
779,904,,,,,Haarlemmerweg,Bos En Lommerweg-,5,52.38506,4.85541
780,905,,,,,Haarlemmerweg,"Hallstraat, Van-",5,52.38531,4.86952
781,906,,,,,Haarlemmerweg,"Limburg Stirumstraat, V-",5,52.38546,4.875
782,907,,,,,Burg. De Vlugtlaan,Slotermeerlaan-,5,52.38141,4.82142
783,908,,,,,Jan Van Galenstraat,VOP metrostation-Ringtram,5,52.37312,4.8355
784,909,,,,,Burg. De Vlugtlaan,Burg. Fockstraat-,5,52.37972,4.83223
785,910,,,,,Bos En Lommerweg,A10 Binnenring-A10 Buitenring,5,52.37783,4.84444
786,911,,,,,Jan Van Galenstraat,Vespuccistraat-,5,52.37337,4.85228
787,912,,,,,Admiraal De Ruyterweg,Bos en Lommerweg-,5,52.3807,4.8546
788,913,,,,,Nieuwe Hemweg,Westhavenweg-Kabelweg,5,52.40008,4.84919
789,914,,,0.0,,Basisweg,Kabelweg-Transformatorweg,5,52.39184,4.84725
790,915,,,0.0,,Basisweg,Einsteinweg-,5,52.3918,4.8442
791,916,,,,,Basisweg,Radarweg-,5,52.39181,4.836
792,918,,,,,Jan Van Galenstraat,Fca-,5,52.37562,4.86629
793,919,,,,,Jan Van Galenstraat,Willem De Zwijgerlaan-,5,52.37516,4.86269
794,920,,,,,Admiraal De Ruyterweg,Jan van Galenstraat-,5,52.37464,4.85856
795,921,,,,,Jan Van Galenstraat,Hoofdweg-,5,52.37273,4.84888
796,922,,,,,Jan Van Galenstraat,A10 Binnenring-A10 Buitenring,5,52.372,4.84267
797,923,,,,,Jan Van Galenstraat,Jan Tooropstraat-,5,52.37261,4.83859
798,924,,,,,Bos En Lommerplein,-,5,52.37797,4.84607
799,925,,,,,Hoofdweg,Willem Schoutenstraat-Vop,5,52.36706,4.85254
800,927,,,,,Mercatorplein,-,5,52.37004,4.85024
801,928,,,,,Jan Evertsenstraat,Vespuccistraat-,5,52.37063,4.85369
802,929,,,,,Jan Van Galenstraat,Orteliuskade-Robert Scottstraat,5,52.3724,4.84678
803,930,,,,,Jan Evertsenstraat,Witte De Withstraat-,5,52.37143,4.8589
804,931,,,,,"Clercqstraat, De",Elisabeth Wolffstraat-,5,52.37022,4.86717
805,932,,,,,Kinkerstraat,"Katestraat, Ten-",5,52.36597,4.86755
806,933,,,,,Kinkerstraat,Jan Pieter Heijestraat-,5,52.3648,4.86267
807,935,,,,,Hoofdweg,Postjesweg-,5,52.36424,4.85316
808,936,,,,,Cornelis Lelylaan,A10 Binnenring-A10 Buitenring,5,52.35774,4.84202
809,937,,,,,Postjesweg,Witte De Withstraat-,5,52.36477,4.85951
810,939,,,,,Delflandlaan,Heemstedestraat-,5,52.35155,4.84086
811,940,,,,,Derkinderenstraat,Cornelis Lelylaan Nz-,5,52.35855,4.84063
812,941,,,,,Johan Huizingalaan,Robert Fruinlaan-Oostoever,5,52.36398,4.82704
813,943,,,,,Johan Huizingalaan,Comeniusstraat-,5,52.35919,4.82723
814,946,,,,,Johan Huizingalaan,Pieter Calandlaan-,5,52.35621,4.8273
815,948,,,,,Johan Huizingalaan,David Ricardostraat-,5,52.34137,4.82776
816,949,,,,,Johan Huizingalaan,Plesmanlaan-,5,52.35141,4.82741
817,950,,,,,Johan Huizingalaan,Aletta Jacobslaan-Louwesweg,5,52.34687,4.82754
818,951,,,,,Johan Huizingalaan,Henk Sneevlietweg-,5,52.34555,4.82756
819,952,,,,,Henk Sneevlietweg,A10-,5,52.34557,4.84051
820,953,,,,,Meer en Vaart,Ookmeerweg-,5,52.36588,4.80248
821,954,,,,,Meer en Vaart,Osdorperban-,5,52.36309,4.80549
822,955,,,,,Meer en Vaart,Osdorpplein ZZ-,5,52.35842,4.80819
823,956,,,,,Pieter Calandlaan,Louis Davidsstraat-Meer En Vaart,5,52.35402,4.80948
824,957,,,,,Meer En Vaart,Osdorpplein Nz-,5,52.36058,4.80704
825,958,,,,,Meer En Vaart,Cornelis Lelylaan Nz-,5,52.35637,4.8093
826,959,,,,,Cornelis Lelylaan,Station-,5,52.35788,4.83422
827,961,,,,,President Allendelaan,Platostraat-,5,52.37264,4.81782
828,962,,,,,Burg. Roellstraat,Slotermeerlaan-,5,52.3757,4.81902
829,963,,,,,Burg. Roellstraat,Burg. Cramergracht-,5,52.37354,4.83285
830,964,,,,,Burg. Rendorpstraat,Burg. Roellstraat-,5,52.37441,4.82727
831,965,,,,,Basisweg,Noordzeeweg-,5,52.39523,4.80838
832,967,,,,,Haarlemmerweg,"Gentstraat, Van-",5,52.38502,4.85173
833,969,,,,,Tussen Meer,Hoekenes-,5,52.35815,4.7999
834,970,,,,,Baden Powellweg,Tussenmeer-,5,52.35637,4.79101
835,972,,,,,Haarlemmerweg,Radarweg-,5,52.38473,4.83455
836,973,,,,,Haarlemmerweg,"Slingelandtstraat, Van-",5,52.38527,4.86525
837,975,,,0.0,,Spaarndammerdijk,Archangelweg-Oostzaanstraat,5,52.39292,4.87274
838,976,,,,,Spaarndammerstraat,Tasmanstraat-,5,52.39163,4.87817
839,977,,,,,Spaarndammerstraat,NovaZemblastraat-Zaandijkstraat,5,52.39058,4.87846
840,978,,,,,Haarlemmerweg,Vredenhofweg-,5,52.38522,4.86307
841,979,,,,,Arlandaweg,Kimpoweg-,5,52.3861,4.8399
842,980,,,,,Contactweg,Transformatorweg-,5,52.39199,4.85537
843,981,,,,,Basisweg,"Guardiaweg, La-",5,52.39172,4.84087
844,982,,,,,Haarlemmerweg,Kimpoweg-,5,52.38483,4.84031
845,983,,,,,Radarweg,Arlandaweg-,5,52.38593,4.8352
846,984,,,,,Radarweg,Naritaweg-Teleportboulevard,5,52.38769,4.83604
847,985,,,,,Seineweg,Theemsweg-,5,52.38937,4.81874
848,986,,,,,Seineweg,Naritaweg-,5,52.38785,4.81878
849,987,,,,,Basisweg,Seineweg-,5,52.39166,4.81874
850,990,,,,,Haarlemmerweg,A10-,5,52.38477,4.84372
851,IV702127,,,0.0,,,,5,52.366309,4.974215
852,IV702128,,,0.0,,,,5,52.389756,4.965546
853,IV702129,,,0.0,,,,5,52.390227,4.96795
854,IV702130,,,0.0,,,,5,52.406776,4.938338
855,IV702131,,,0.0,,,,5,52.408936,4.94102
856,IV702132,,,0.0,,,,5,52.417326,4.913189
857,IV702133,,,0.0,,,,5,52.420428,4.911794
858,IV702134,,,0.0,,,,5,52.423739,4.882891
859,IV702135,,,0.0,,,,5,52.425244,4.882355
860,kfc_VRI,asdfa,,,,,,5,52.38922059062124,4.958610534667969
861,D61,A6L,,,,,,0,52.390111075168704,5.321331024169922
862,bD110,Bermdrip a6L,,,,,,0,52.39555180742196,5.335503816604614
